{"cameraMode":{"drawMode":0,"name":"Shaded","section":"Shading Mode"},"sceneLighting":true,"audioPlay":false,"sceneViewState":{"m_AlwaysRefresh":false,"showFog":true,"showSkybox":true,"showFlares":true,"showImageEffects":true,"showParticleSystems":true,"showVisualEffectGraphs":true,"m_FxEnabled":true},"in2DMode":false,"pivot":{"x":0.03909933567047119,"y":6.832752227783203,"z":-0.48807573318481448},"rotation":{"x":0.4338828921318054,"y":0.0013519558124244214,"z":-0.0006421116413548589,"w":0.900942325592041},"size":15.267271041870118,"orthographic":false}